Date,close,high,low,open,volume
30-April-2012,231.9000,233.8400,223.0500,223.9500,9756900
01-May-2012,230.0400,232.9700,228.4000,229.4000,6754900
02-May-2012,230.2500,231.4400,227.4000,227.8200,4593400
03-May-2012,229.4500,232.5300,228.0300,229.7400,4055500
04-May-2012,223.9900,229.7200,223.7400,227.8000,4585200
07-May-2012,225.1600,226.8700,222.2900,222.3600,3314300
08-May-2012,223.9000,225.3900,218.2000,223.1500,4522400
09-May-2012,222.9800,225.7800,220.1600,220.5900,3712000
10-May-2012,226.6900,229.0800,221.9500,223.9100,4648400
11-May-2012,227.6800,230.6800,225.7300,225.9500,4193600
14-May-2012,222.9300,227.2900,222.5100,225.6000,3096600
15-May-2012,224.3900,230.6100,223.0000,226.5000,5713700
16-May-2012,224.0600,228.0000,222.5000,225.0000,5261800
17-May-2012,218.3600,226.0000,218.0900,225.0500,4505500
18-May-2012,213.8500,219.6300,212.8100,219.4100,5231700
21-May-2012,218.1100,219.9800,212.8200,214.0300,3579800
22-May-2012,215.3300,218.8700,213.9600,218.3100,3733100
23-May-2012,217.2800,217.5500,211.1800,214.7100,4243800
24-May-2012,215.2400,217.6600,212.7000,216.9800,3141100
25-May-2012,212.8900,215.9800,212.2200,214.9900,2171400
29-May-2012,214.7500,216.5500,212.2900,214.3000,2693900
30-May-2012,209.2300,212.9800,207.7500,212.1400,4078200
31-May-2012,212.9100,213.7900,207.1100,209.4800,4944000
01-June-2012,208.2200,211.2300,207.3000,208.4400,3951500
04-June-2012,214.5700,215.3500,206.3700,207.4000,4299600
05-June-2012,213.2100,216.8600,211.1600,213.8500,3543900
06-June-2012,217.6400,218.4000,214.5200,214.6300,2710100
07-June-2012,218.8000,221.4900,218.1100,219.6500,3503900
08-June-2012,218.4800,219.4200,216.6600,218.6100,2877000
11-June-2012,216.5000,220.8700,215.2000,217.4900,3749100
12-June-2012,216.4200,218.0000,214.5200,217.6500,2833300
13-June-2012,214.7300,217.3800,213.5200,215.5200,2325200
14-June-2012,214.4500,216.5000,212.5600,215.2600,3060900
15-June-2012,218.3500,219.3300,214.4600,215.2900,3785200
18-June-2012,222.6600,223.7600,216.7300,217.2800,3369600
19-June-2012,224.0300,225.2000,221.6600,223.2600,2716600
20-June-2012,223.0200,224.7400,220.8400,224.5100,2444400
21-June-2012,220.5700,226.0300,220.5200,223.8400,2843000
22-June-2012,222.1600,222.5100,219.3500,221.8300,2187500
25-June-2012,220.0700,221.5900,218.0000,220.3000,2382300
26-June-2012,225.6100,226.3900,221.4500,221.4500,3754100
27-June-2012,225.6200,227.5000,223.3000,225.0100,2799200
28-June-2012,221.3100,224.6200,218.7500,223.9200,2994800
29-June-2012,228.3500,228.3500,223.7100,224.7000,3614400
02-July-2012,229.3200,229.3400,226.3400,229.3000,2330700
03-July-2012,229.5300,229.5300,227.5900,229.1400,1331700
05-July-2012,227.0600,230.5000,226.5300,228.6200,2682300
06-July-2012,225.0500,228.9000,224.1800,226.3500,3203200
09-July-2012,225.0500,226.0000,223.4500,225.0000,1922000
10-July-2012,219.5000,227.1400,218.2800,226.2500,2982100
11-July-2012,218.3700,221.7400,215.3400,218.9500,2734700
12-July-2012,215.3600,217.3000,212.6100,216.6100,2616200
13-July-2012,218.3900,219.3100,213.8800,215.6300,2221900
16-July-2012,216.0100,218.3100,214.4600,216.6000,2004200
17-July-2012,216.9300,217.9400,213.9600,217.4500,1987000
18-July-2012,217.4700,218.6700,215.7100,216.1500,2093000
19-July-2012,226.1700,227.5000,220.6900,220.7300,5449400
20-July-2012,228.2900,229.3900,225.2900,225.3600,4170000
23-July-2012,226.0100,226.5800,221.5400,224.7200,5515100
24-July-2012,223.0400,226.6100,221.2300,226.2700,5008700
25-July-2012,217.0500,222.5000,215.9100,222.0000,3646700
26-July-2012,220.0100,221.4500,214.9500,220.0000,6937400
27-July-2012,237.3200,238.3400,224.5000,225.2500,11313900
30-July-2012,236.0900,240.7400,234.0700,237.0000,3736400
31-July-2012,233.3000,236.3000,231.6100,235.1000,3453600
01-August-2012,232.0900,234.3800,230.7000,234.1400,2543800
02-August-2012,230.8100,234.3400,228.6600,230.5600,3048100
03-August-2012,234.9700,236.4900,233.0300,234.0300,2825300
06-August-2012,233.9900,235.7400,233.8100,235.5600,1843700
07-August-2012,236.5600,238.0000,233.2500,234.1300,2058300
08-August-2012,234.3800,236.4500,233.5900,235.2900,1534300
09-August-2012,234.0600,235.9900,233.5000,233.9300,1548100
10-August-2012,232.7500,234.8500,231.4300,233.0800,1852500
13-August-2012,232.4400,234.3700,231.0000,232.2300,1997300
14-August-2012,233.1900,236.7200,232.6200,234.7100,2751000
15-August-2012,237.4200,238.1400,232.2500,232.2600,3264700
16-August-2012,241.5500,242.8200,236.2000,237.7200,4312100
17-August-2012,241.1700,243.3500,240.4700,240.6000,3085800
20-August-2012,240.3500,241.6500,238.2000,241.3700,1889900
21-August-2012,239.4500,243.8500,238.5500,240.8800,2571500
22-August-2012,243.1000,244.9000,238.8000,239.4000,2473700
23-August-2012,241.2000,243.4800,239.0200,242.1400,2453900
24-August-2012,245.7400,246.8700,241.3600,241.6800,3698800
27-August-2012,243.9200,247.5000,243.1200,245.7900,2929700
28-August-2012,246.1100,246.7800,243.0000,243.9700,2742300
29-August-2012,247.1200,247.6100,244.5900,246.7800,1772600
30-August-2012,246.2200,250.0000,245.2500,246.9900,3647500
31-August-2012,248.2700,249.4500,245.5000,248.0700,3347500
04-September-2012,247.8800,251.0000,244.6600,248.2700,3950800
05-September-2012,246.2200,248.6100,245.3000,247.6100,2652600
06-September-2012,251.3800,252.7000,247.2000,248.2300,5361400
07-September-2012,259.1400,259.4200,253.5200,253.8500,5029500
10-September-2012,257.0900,260.0000,256.8200,259.0000,2567200
11-September-2012,255.6700,257.6000,254.2600,257.6000,2524800
12-September-2012,255.6300,257.7800,253.5000,256.5000,2273200
13-September-2012,260.2400,262.0000,253.8000,254.9400,3525600
14-September-2012,261.2700,264.1100,259.7700,261.4000,3666200
17-September-2012,258.0000,261.2500,257.0000,261.2500,2306300
18-September-2012,258.7500,260.5000,257.0000,258.4800,2215000
19-September-2012,261.6800,262.8400,258.5300,259.4500,2636800
20-September-2012,260.8100,260.8700,258.0000,260.0300,2913600
21-September-2012,257.4700,262.0000,256.7400,261.7400,6059300
24-September-2012,254.8000,255.6000,253.0000,255.2200,2707900
25-September-2012,252.4600,258.9500,251.0300,256.3300,4405800
26-September-2012,249.6700,254.6100,248.2300,252.4000,2920500
27-September-2012,256.5900,257.4000,250.5200,250.5400,3397400
28-September-2012,254.3200,257.0000,253.2000,256.1400,2456600
01-October-2012,252.0100,256.1600,250.4900,255.4000,2581200
02-October-2012,250.6000,253.1500,249.0300,252.8000,2195800
03-October-2012,255.9200,256.1000,249.5600,251.2100,2745600
04-October-2012,260.4700,261.5200,255.8700,256.0100,2700400
05-October-2012,258.5100,261.9000,257.4900,261.2000,2806500
08-October-2012,259.0600,259.8000,255.5600,257.6700,1762300
09-October-2012,250.9600,259.3500,250.7300,258.6700,3494800
10-October-2012,244.9900,252.4600,244.0100,252.0000,3948300
11-October-2012,244.2200,249.3000,241.8900,248.0000,3447300
12-October-2012,242.3600,245.4600,241.9100,243.1800,2203200
15-October-2012,244.1800,244.7800,238.5100,242.8500,2959800
16-October-2012,243.9400,245.7700,242.0800,244.8700,2204100
17-October-2012,247.4900,248.8000,243.3000,243.3700,3302700
18-October-2012,244.8500,250.9100,242.7000,247.7700,5305300
19-October-2012,240.0000,246.8200,238.9400,245.1600,4395300
22-October-2012,233.7800,238.9500,232.3200,238.8100,4500000
23-October-2012,234.3100,236.5000,230.0100,231.0500,4430800
24-October-2012,228.4900,235.9400,227.9500,235.8800,3678700
25-October-2012,222.9200,230.9200,222.9200,230.9200,6741300
26-October-2012,238.2400,238.7100,226.6900,228.6000,11367500
31-October-2012,232.8900,238.7000,230.5000,236.3200,4797600
01-November-2012,232.1400,234.5500,231.3400,234.2300,3905100
02-November-2012,232.4200,237.4000,232.1100,234.0100,3374700
05-November-2012,234.3300,234.8300,230.1100,232.0400,1846100
06-November-2012,237.5600,237.7500,234.4500,235.4100,2661300
07-November-2012,232.0600,235.6600,229.4200,235.6500,3624200
08-November-2012,227.3500,233.4500,227.1000,232.2200,2982400
09-November-2012,226.3100,230.9700,224.6000,226.2600,3092500
12-November-2012,226.4700,229.2200,225.4100,226.5900,2128800
13-November-2012,226.6000,227.9000,224.7100,225.1200,2629800
14-November-2012,222.9500,227.4100,222.5100,226.5000,3034100
15-November-2012,220.6000,225.1600,218.1800,222.3000,3404700
16-November-2012,225.2300,226.2500,218.6400,221.3100,4352800
19-November-2012,229.7100,232.5000,227.4500,228.3200,3591200
20-November-2012,233.7800,233.8200,229.5000,230.0000,2771700
21-November-2012,238.0300,238.6700,232.7500,233.8400,2959300
23-November-2012,239.8800,240.0000,236.4800,239.8900,1776800
26-November-2012,243.6200,244.3200,238.0000,240.3900,4178300
27-November-2012,243.4000,245.6700,241.5400,243.2200,3048500
28-November-2012,247.1100,247.2300,241.5000,242.4500,2743400
29-November-2012,251.2700,252.4800,247.5000,248.0500,5310500
30-November-2012,252.0500,252.6500,248.2700,250.3800,3797400
03-December-2012,250.3300,254.1600,250.0000,252.5400,2990600
04-December-2012,252.4900,253.0000,248.6600,249.9400,3114700
05-December-2012,253.9600,255.5500,250.3800,252.4400,2852200
06-December-2012,253.3700,255.1700,251.5100,253.0000,3557900
07-December-2012,253.2700,255.2100,252.0100,254.1400,2170300
10-December-2012,247.7700,254.7800,247.3000,253.1000,3503800
11-December-2012,250.6900,253.4800,246.6500,248.5000,4185200
12-December-2012,251.7600,254.3600,250.0600,251.0700,2628100
13-December-2012,251.2500,254.5400,250.0200,251.1100,2460200
14-December-2012,249.1900,251.9000,247.7900,250.1100,2526900
17-December-2012,253.8600,254.0000,249.2600,249.8100,2277000
18-December-2012,260.4000,263.1100,254.5700,254.5700,4961000
19-December-2012,257.9900,261.6700,257.6800,261.3000,2300000
20-December-2012,261.5000,262.4100,256.5400,258.3600,2584600
21-December-2012,256.9200,258.3800,255.7400,257.8200,4704600
24-December-2012,258.6200,259.5000,256.9600,257.3000,984400
26-December-2012,248.6300,257.4200,248.0400,257.1500,4152700
27-December-2012,248.3100,249.3500,242.8600,248.2800,3639300
28-December-2012,245.1800,247.4400,245.0500,245.8500,1858700
31-December-2012,250.8700,252.4100,242.7500,243.7500,3419000
02-January-2013,257.3100,258.1000,253.2600,256.0800,3271000
03-January-2013,258.4800,260.8800,256.3700,257.2700,2750900
04-January-2013,259.1500,259.8000,256.6500,257.5800,1874200
07-January-2013,268.4600,269.7300,262.6700,262.9700,4910000
08-January-2013,266.3800,268.9800,263.5700,267.0700,3010700
09-January-2013,266.3500,269.5000,265.4000,268.1700,2265600
10-January-2013,265.3400,268.7400,262.3000,268.5400,2863400
11-January-2013,267.9400,268.4300,264.1100,265.1000,2413300
14-January-2013,272.7300,274.2600,267.5400,268.0000,4275000
15-January-2013,271.9000,272.7300,269.3000,270.6800,2326900
16-January-2013,268.9300,271.2400,267.8300,270.5300,2065600
17-January-2013,270.4800,271.9700,269.2100,271.5000,1884600
18-January-2013,272.1200,274.5000,269.6000,270.8300,2942000
22-January-2013,270.1900,272.1000,269.2300,271.6200,2137700
23-January-2013,268.1100,271.0900,266.6500,270.5700,2508900
24-January-2013,273.4600,276.6500,269.3700,269.3700,3417000
25-January-2013,283.9900,284.7200,274.4000,275.0000,4968100
28-January-2013,276.0400,284.4800,274.4000,283.7800,4321400
29-January-2013,260.3500,275.4600,258.3500,275.3500,10172600
30-January-2013,272.7600,284.2000,267.1100,283.0000,13075400
31-January-2013,265.5000,275.9400,263.7000,271.0400,6772100
01-February-2013,265.0000,268.9300,262.8000,268.9300,6115000
04-February-2013,259.9800,264.6800,259.0700,262.7800,3723600
05-February-2013,266.8900,268.0300,261.4600,262.0000,4012900
06-February-2013,262.2200,266.8900,261.1100,265.1600,2770400
07-February-2013,260.2300,264.1000,255.1100,264.1000,3975700
08-February-2013,261.9500,265.2500,260.5500,261.4000,3879200
11-February-2013,257.2100,263.2500,256.6000,263.2000,3403700
12-February-2013,258.7000,260.1600,257.0000,259.1900,2943700
13-February-2013,269.4700,269.9600,260.3000,261.5300,5293000
14-February-2013,269.2400,270.6500,265.4000,267.3700,3463000
15-February-2013,265.0900,268.9200,263.1100,267.6300,3979900
19-February-2013,269.7500,270.1100,264.5000,265.9100,2854200
20-February-2013,266.4100,274.3000,266.3700,270.2000,3528900
21-February-2013,265.9400,269.4800,263.2500,265.1200,3637400
22-February-2013,265.4200,267.1100,261.6100,266.6200,3124800
25-February-2013,259.8700,268.6900,259.6500,266.9400,3032400
26-February-2013,259.3600,262.0400,255.7300,260.8900,3348600
27-February-2013,263.2500,265.8300,256.8600,259.4000,2908100
28-February-2013,264.2700,267.0000,260.6300,261.8100,2667200
01-March-2013,265.7400,266.6000,261.0400,263.2700,2957000
04-March-2013,273.1100,273.3000,264.1400,265.3600,3453000
05-March-2013,275.5900,276.6800,269.9900,274.0000,3686200
06-March-2013,273.7900,276.4900,271.8300,275.7600,2050700
07-March-2013,273.8800,274.8000,271.8500,274.1000,1939000
08-March-2013,274.1900,275.4400,271.5000,275.0000,1879800
11-March-2013,271.2400,273.9900,270.4000,273.4300,1904900
12-March-2013,274.1300,277.4000,270.3600,271.0000,3246200
13-March-2013,275.1000,276.5000,272.6400,275.2400,1884200
14-March-2013,265.7400,270.0000,263.5300,269.6700,5226700
15-March-2013,261.8200,267.2600,260.0500,264.9800,4865900
18-March-2013,257.8900,261.4900,257.1200,259.3000,2720200
19-March-2013,256.4100,259.5000,252.6200,258.4000,3738500
20-March-2013,257.2800,259.7600,254.5500,258.0500,2738900
21-March-2013,253.3900,257.0000,252.6800,256.1100,2806400
22-March-2013,257.7500,257.7700,252.0700,254.5500,3124600
25-March-2013,256.0200,259.4300,254.5000,258.5800,2513900
26-March-2013,260.3100,261.4800,256.2800,257.0500,2421000
27-March-2013,265.3000,265.9300,257.9000,258.7500,2874900
28-March-2013,266.4900,267.3800,264.0600,265.8200,2473700
01-April-2013,261.6100,267.4000,261.0100,266.9800,2524800
02-April-2013,263.3200,265.8900,260.5500,262.4000,2631100
03-April-2013,259.0300,263.6700,257.7500,262.1200,2413800
04-April-2013,259.0800,260.4100,256.1200,259.2300,1964400
05-April-2013,255.4800,256.1800,253.6700,255.7200,2557400
08-April-2013,258.9500,259.6800,255.6300,255.9200,2295600
09-April-2013,261.1400,262.6100,257.0000,258.8500,2156600
10-April-2013,264.7700,265.9800,259.3200,261.7800,2322500
11-April-2013,269.8500,270.9700,264.7400,264.7400,3090500
12-April-2013,272.8700,273.2700,267.0200,270.1200,2866300
15-April-2013,267.7200,275.1200,267.1000,271.0800,3326000
16-April-2013,272.3400,272.8000,268.0600,269.3100,2137200
17-April-2013,267.4000,270.8500,264.2500,270.8000,3135100
18-April-2013,259.4200,266.9900,256.6000,266.8100,3137600
19-April-2013,260.3200,262.8800,257.5000,258.1600,2602500
22-April-2013,263.5500,264.6000,258.0300,259.3500,2119100
23-April-2013,268.9000,269.8700,264.5000,264.5000,2270600
24-April-2013,268.7800,271.4700,266.8100,269.5000,1852800
25-April-2013,274.7000,275.8000,270.5000,271.5300,6116500
26-April-2013,254.8100,272.0200,252.8100,269.9700,14030000
29-April-2013,249.7400,257.0100,249.1500,254.9000,7117000
30-April-2013,253.8100,254.6800,248.5600,249.3700,4248800
01-May-2013,248.2300,254.2000,245.7500,253.9000,4391400
02-May-2013,252.5500,252.9300,245.7800,248.9400,3936200
03-May-2013,258.0500,259.2500,254.7000,256.1400,3514000
06-May-2013,255.7200,259.5000,253.4200,258.0900,2347800
07-May-2013,257.7300,259.7400,252.9100,256.3100,3133700
08-May-2013,258.6800,260.3000,255.3300,256.8700,2677000
09-May-2013,260.1600,263.5500,256.8800,258.7300,2769300
10-May-2013,263.6300,263.6500,260.2100,260.8800,3145300
13-May-2013,264.5100,265.8800,262.0000,262.7700,2149500
14-May-2013,268.3300,269.4000,264.0300,264.5000,2700000
15-May-2013,266.5600,269.0500,264.5600,267.0700,2720500
16-May-2013,264.1200,268.4300,263.8500,265.9600,1643500
17-May-2013,269.9000,269.9800,265.0000,265.8300,2527300
20-May-2013,267.6300,271.7900,266.5000,269.0000,2209000
21-May-2013,268.8600,270.7700,267.6600,268.7400,1741200
22-May-2013,262.9600,267.5900,260.8000,267.3900,3332000
23-May-2013,261.8000,263.1700,259.5900,260.4900,2000300
24-May-2013,261.7400,261.9300,258.3400,259.8500,1696300
28-May-2013,267.2900,271.1000,266.0000,266.4800,3471000
29-May-2013,265.5300,268.2500,264.8400,265.4600,1903400
30-May-2013,266.8300,268.5700,265.6100,265.7100,1667500
31-May-2013,269.2000,271.9100,265.9400,266.0000,3374300
03-June-2013,266.8800,269.1100,262.9500,268.9600,2543900
04-June-2013,265.7000,268.8800,263.0200,267.0000,2088600
05-June-2013,267.1700,271.6600,265.0200,265.8100,3512300
06-June-2013,267.8300,270.5000,264.2100,267.7500,2476300
07-June-2013,276.8700,280.1000,269.1300,269.7400,4632600
10-June-2013,281.0700,282.4700,275.2400,276.6800,3086500
11-June-2013,274.7800,278.4100,274.2400,276.0000,3097800
12-June-2013,271.6700,276.8000,270.4500,276.6000,2238900
13-June-2013,275.7900,276.8000,270.2900,271.5000,2649800
14-June-2013,273.9900,277.0700,273.4400,275.0000,2150800
17-June-2013,278.0600,280.2000,275.6500,276.3500,2884000
18-June-2013,281.7600,282.9100,278.1100,279.0800,2146100
19-June-2013,278.1600,283.3400,277.8700,281.2600,2827500
20-June-2013,273.4400,278.6000,272.3900,275.1400,2984000
21-June-2013,273.3600,275.8400,269.7900,274.5700,4201000
24-June-2013,270.6100,273.1600,265.0000,271.2900,3863800
25-June-2013,272.0900,273.4700,269.0000,272.3000,2449600
26-June-2013,277.5700,277.9800,273.5000,273.9800,3029500
27-June-2013,277.5500,280.2000,274.5400,279.1800,2519500
28-June-2013,277.6900,279.8300,276.1900,276.1900,3193300
01-July-2013,282.1000,283.2900,277.1600,279.0000,2888200
02-July-2013,283.7300,286.5800,280.5900,281.0400,3238200
03-July-2013,284.0300,285.4000,282.0000,282.0000,1373000
05-July-2013,285.8800,286.3800,282.0700,285.0000,1985400
08-July-2013,290.5900,291.6700,286.1400,286.4200,3046700
09-July-2013,291.5300,292.5700,288.0100,291.0000,2775600
10-July-2013,292.3300,293.3400,289.4000,291.4100,1810200
11-July-2013,299.6600,300.6900,292.1000,294.9900,4007300
12-July-2013,307.5500,307.5500,298.5000,298.6900,4539300
15-July-2013,306.5700,307.9900,304.3500,307.2700,2245600
16-July-2013,306.8700,309.3900,305.5100,307.3000,2660200
17-July-2013,308.6900,308.8000,305.6900,306.9700,2029700
18-July-2013,304.1100,306.3400,301.8700,306.2700,3063800
19-July-2013,305.2300,305.7900,301.9100,304.3900,2973100
22-July-2013,303.4800,309.2500,302.0000,309.2500,2520700
23-July-2013,301.0600,305.0600,300.5600,303.1600,1999600
24-July-2013,298.9400,303.8400,298.0400,303.0200,2000500
25-July-2013,303.4000,304.5000,296.7500,299.0000,5405800
26-July-2013,312.0100,313.6200,295.5500,299.5500,8817500
29-July-2013,306.1000,313.0000,305.9000,311.0700,3211800
30-July-2013,302.4100,309.7800,301.5700,307.7200,3053400
31-July-2013,301.2200,305.1500,301.0000,303.9100,1891300
01-August-2013,305.5700,306.2100,298.9000,303.0800,2971700
02-August-2013,304.2100,305.3300,301.5000,304.6300,2502600
05-August-2013,300.9900,303.6200,298.3000,303.4000,2233200
06-August-2013,300.7500,301.3600,297.5200,300.5100,1849000
07-August-2013,296.9100,300.9900,296.1500,300.1500,1961000
08-August-2013,295.7400,298.5200,292.5500,298.5200,2343400
09-August-2013,297.2600,299.2700,294.3000,295.6800,1950300
12-August-2013,296.6900,299.0800,295.2600,295.7900,1504500
13-August-2013,293.9700,296.3700,290.6700,295.8800,2349900
14-August-2013,291.3400,294.2900,290.5400,294.2900,1415000
15-August-2013,286.4700,289.3000,285.1500,288.7900,2261400
16-August-2013,284.8200,288.3300,284.5000,286.5500,2422500
19-August-2013,285.5700,289.5600,283.4800,285.1900,2477400
20-August-2013,287.0900,289.5100,285.7400,285.8800,1586300
21-August-2013,284.5700,288.5000,283.8300,285.0900,1815300
22-August-2013,289.7300,289.8700,284.8000,284.8000,1422600
23-August-2013,290.0100,291.5000,287.9000,291.2100,1961900
26-August-2013,286.2100,291.0500,285.6200,290.4300,1711700
27-August-2013,280.9300,285.2800,279.7400,283.8700,2476000
28-August-2013,281.5800,283.0000,279.3300,280.3600,1457100
29-August-2013,283.9800,285.9800,280.0000,281.4500,1566400
30-August-2013,280.9800,284.8700,280.0000,284.5900,1534700
03-September-2013,288.8000,291.3900,284.1700,284.7300,2897600
04-September-2013,293.6400,295.2300,287.5800,288.3300,2438600
05-September-2013,294.1000,297.0000,292.7100,293.6300,1816600
06-September-2013,295.8600,298.8800,290.8000,295.3300,2292000
09-September-2013,299.7100,299.9600,296.6000,297.2200,1643600
10-September-2013,300.3600,301.0000,297.2200,300.5500,1778400
11-September-2013,299.6400,301.8600,297.8400,298.9100,1742600
12-September-2013,298.8600,302.0000,297.6600,299.3900,1606200
13-September-2013,297.9200,300.2200,296.2000,300.1400,1350600
16-September-2013,296.0600,301.0000,295.2600,299.8200,1808400
17-September-2013,304.1700,304.6500,296.0100,297.6300,2296500
18-September-2013,312.0300,312.7400,302.9100,304.0600,2946400
19-September-2013,312.0600,314.5400,311.0400,313.7700,2350900
20-September-2013,316.3400,320.5700,312.4100,312.5400,5302300
23-September-2013,311.4900,315.9000,308.7700,314.0100,1884900
24-September-2013,314.1300,318.0800,311.2800,312.4300,2033600
25-September-2013,312.6500,316.7100,310.7500,314.5300,2008600
26-September-2013,318.1200,319.3700,313.2600,313.9000,1989900
27-September-2013,316.0100,317.2100,313.3500,316.9200,1657500
30-September-2013,312.6400,315.3100,311.0600,313.4100,1623600
01-October-2013,320.9500,321.0000,313.6500,314.2200,2396400
02-October-2013,320.5100,321.7300,317.5200,318.0400,2217400
03-October-2013,314.7600,322.9200,313.0200,320.3900,2674800
04-October-2013,319.0400,319.2000,312.6200,315.1300,1815000
07-October-2013,310.0300,315.3400,309.7400,315.2400,2083200
08-October-2013,303.2300,311.5500,300.2700,311.5000,3166200
09-October-2013,298.2300,303.5000,296.5000,303.4200,3247400
10-October-2013,305.1700,306.7000,302.5900,304.6300,2555100
11-October-2013,310.8900,310.9300,303.8400,304.7700,2163100
14-October-2013,310.7000,311.6500,307.0000,309.2200,1939100
15-October-2013,306.4000,310.7900,305.2600,309.8700,2261100
16-October-2013,310.4900,310.8000,305.5500,308.3800,2170700
17-October-2013,310.7700,311.0000,305.2400,307.0700,2648400
18-October-2013,328.9300,331.8900,316.7500,319.3600,5969800
21-October-2013,326.4400,330.0000,323.8000,329.8900,2522300
22-October-2013,332.5400,337.1100,325.6800,327.7200,3935500
23-October-2013,326.7600,331.7200,324.0600,330.8400,2818200
24-October-2013,332.2100,332.6500,326.7500,329.6300,5884700
25-October-2013,363.3900,368.4000,352.6200,358.6000,12036800
28-October-2013,358.1600,362.7500,357.2000,359.9200,3635800
29-October-2013,362.7000,362.8900,356.2900,358.9600,2185400
30-October-2013,361.0800,365.0000,358.6500,362.6200,4502200
31-October-2013,364.0300,366.0000,359.0000,361.7300,2466800
01-November-2013,359.0000,365.7700,356.1000,365.6300,3331000
04-November-2013,358.7400,361.0000,354.4000,360.1200,1938400
05-November-2013,358.8900,360.1700,354.8400,356.7800,2007100
06-November-2013,356.1800,362.8700,354.5000,360.4500,2282300
07-November-2013,343.5600,357.9000,341.8800,355.8600,4246300
08-November-2013,350.3100,351.0500,344.0400,345.9500,2656900
11-November-2013,354.3800,355.3700,348.0600,350.5900,2261700
12-November-2013,349.5300,355.4800,347.2800,352.9900,2343100
13-November-2013,356.2200,356.2200,345.6800,347.4000,2773300
14-November-2013,367.4000,368.9400,356.4300,357.3900,4159800
15-November-2013,369.1700,372.9000,365.5500,367.6300,4491600
18-November-2013,366.1800,373.4900,364.6700,370.2800,2737400
19-November-2013,364.9400,368.7800,362.5000,365.8200,1904800
20-November-2013,362.5700,367.5600,360.4500,367.5600,1771500
21-November-2013,368.9200,369.2500,363.3000,364.0500,1964600
22-November-2013,372.3100,374.5000,366.3100,370.0000,2965500
25-November-2013,376.6400,377.7900,373.1800,373.8200,2972300
26-November-2013,381.3700,382.5000,374.8200,377.6100,2724400
27-November-2013,386.7100,387.0000,382.6100,383.5000,2269700
29-November-2013,393.6200,394.1000,388.6200,389.1000,2406000
02-December-2013,392.3000,399.0000,389.1000,399.0000,4714000
03-December-2013,384.6600,390.9500,383.1000,390.1100,3702900
04-December-2013,385.9600,389.6900,381.4900,383.5000,2355300
05-December-2013,384.4900,386.6500,381.3700,386.6500,1906500
06-December-2013,386.9500,388.3500,383.8300,388.3500,1984700
09-December-2013,384.8900,388.2100,382.5700,388.1100,2761800
10-December-2013,387.7800,389.0600,383.0200,383.7400,2736800
11-December-2013,382.1900,388.9800,382.0000,387.3400,2451300
12-December-2013,381.2500,385.0000,379.5000,381.2600,2123700
13-December-2013,384.2400,389.4200,383.8000,385.3200,3025000
16-December-2013,388.9700,391.7000,385.0000,385.0300,2251700
17-December-2013,387.6500,391.3600,386.5000,390.6500,2343900
18-December-2013,395.9600,396.3000,383.1000,389.2300,3489100
19-December-2013,395.1900,397.2900,392.6000,394.2700,2427200
20-December-2013,402.2000,404.7200,395.7800,396.5500,5033900
23-December-2013,402.9200,405.0000,399.2000,403.6900,2659500
24-December-2013,399.2000,403.7200,396.3700,402.5200,1380400
26-December-2013,404.3900,404.5200,396.8100,401.7900,1868500
27-December-2013,398.0800,405.6300,396.2500,404.6500,1986900
30-December-2013,393.3700,399.9200,392.4500,399.4100,2487100
31-December-2013,398.7900,398.8300,393.8000,394.5800,1996500
02-January-2014,397.9700,399.3600,394.0200,398.8000,2137800
03-January-2014,396.4400,402.7100,396.2200,398.2900,2210200
06-January-2014,393.6300,397.0000,388.4200,395.8500,3170600
07-January-2014,398.0300,398.4700,394.2900,395.0400,1916000
08-January-2014,401.9200,403.0000,396.0400,398.4700,2316500
09-January-2014,401.0100,406.8900,398.4400,403.7100,2103000
10-January-2014,397.6600,403.7600,393.8000,402.5300,2679500
13-January-2014,390.9800,399.7800,388.4500,397.9800,2844900
14-January-2014,397.5400,398.6300,391.2900,392.1300,2340100
15-January-2014,395.8700,399.3100,392.5300,398.9400,2678300
16-January-2014,395.8000,399.2900,389.4100,393.6800,2601200
17-January-2014,399.6100,403.4900,393.6600,394.2600,4505100
21-January-2014,407.0500,407.8000,401.6000,403.0000,3122100
22-January-2014,404.5400,408.0600,402.0000,408.0000,2060500
23-January-2014,399.8700,406.1700,397.7900,401.0000,3025400
24-January-2014,387.6000,400.2000,387.2700,398.1600,4458400
27-January-2014,386.2800,394.1000,380.4900,390.5000,3936800
28-January-2014,394.4300,394.7400,387.1200,387.4000,2894500
29-January-2014,384.2000,392.8500,383.2400,392.1600,3382300
30-January-2014,403.0100,406.2500,387.7000,393.7700,10473900
31-January-2014,358.6900,375.4500,357.7600,371.7600,16154800
03-February-2014,346.1500,360.8500,340.1000,358.9800,10280800
04-February-2014,347.9500,354.0000,344.0200,349.5900,4812900
05-February-2014,346.4500,349.3700,337.7300,346.0000,4435400
06-February-2014,354.5900,354.8200,347.4000,347.4000,3335700
07-February-2014,361.0800,361.8000,352.4900,358.9800,4330500
10-February-2014,360.8700,365.0000,359.3500,361.6100,3449700
11-February-2014,361.7900,363.6100,356.2500,361.8400,3222100
12-February-2014,349.2500,357.7500,346.3200,356.4300,6587700
13-February-2014,357.2000,357.2000,346.5000,347.7000,4175000
14-February-2014,357.3500,359.3400,353.3500,359.3400,3520200
18-February-2014,353.6500,355.7300,349.4500,355.2800,4998000
19-February-2014,347.3800,354.5400,346.1000,352.6400,4168100
20-February-2014,349.8000,350.4600,344.3800,348.8000,3492800
21-February-2014,346.7600,354.1400,346.7500,352.4400,4210000
24-February-2014,351.7800,353.0000,343.2900,345.1900,3644700
25-February-2014,358.3200,361.0800,351.5800,353.0000,3736400
26-February-2014,359.8000,364.7500,357.1700,359.8600,3622100
27-February-2014,360.1300,360.5900,355.5000,357.2200,3104900
28-February-2014,362.1000,365.8700,357.0800,360.6000,3882000
03-March-2014,359.7800,360.9600,354.4800,358.7400,2798300
04-March-2014,363.9000,365.6800,362.4600,363.9000,2704400
05-March-2014,372.3700,372.7300,363.9000,364.1300,3848300
06-March-2014,372.1600,375.3300,368.9000,374.0500,2926600
07-March-2014,372.0600,374.9900,369.5300,374.5800,2279800
10-March-2014,370.5300,372.7300,367.0000,372.6900,2105800
11-March-2014,368.8200,372.8000,367.2800,370.9900,2246100
12-March-2014,370.6400,371.1600,363.6100,366.4000,2216600
13-March-2014,371.5100,383.1100,368.0800,376.6200,6829000
14-March-2014,373.7400,378.5700,371.5500,372.8000,4402200
17-March-2014,375.0400,378.8500,374.8800,375.7200,2303000
18-March-2014,378.7700,379.0000,375.0000,377.3200,2483500
19-March-2014,373.2300,379.0000,369.4200,378.7700,2646700
20-March-2014,368.9700,373.0000,366.2200,370.6400,2558500
21-March-2014,360.6200,372.8400,358.4000,371.0000,5414100
24-March-2014,351.8500,361.5000,348.6000,360.0900,4873500
25-March-2014,354.7100,358.9700,348.8400,354.0300,4445700
26-March-2014,343.4100,357.6000,343.4000,357.1300,4120700
27-March-2014,338.4700,344.0000,330.8800,343.1500,5766400
28-March-2014,338.2900,347.0000,336.0800,340.0500,3986800
31-March-2014,336.3700,346.2900,334.0600,342.4000,4297500
01-April-2014,342.9900,344.4300,338.0000,338.0900,3600100
02-April-2014,341.9600,348.3000,340.3800,345.9900,4475500
03-April-2014,333.6200,342.5000,328.4600,341.8200,6399300
04-April-2014,323.0000,335.4400,315.6100,335.1500,12534600
07-April-2014,317.7600,324.9400,313.1300,320.9900,7077400
08-April-2014,327.0700,328.0000,318.4400,321.8800,6577600
09-April-2014,331.8100,332.1800,322.5000,328.4700,5056600
10-April-2014,317.1100,331.0000,316.5000,330.6000,6126700
11-April-2014,311.7300,316.5000,309.5000,314.0000,7287500
14-April-2014,315.9100,320.4800,311.2800,317.6700,4293500
15-April-2014,316.0800,318.2800,305.5000,316.7000,5398600
16-April-2014,323.6800,324.0000,314.7100,321.1700,4284900
17-April-2014,324.9100,328.6600,319.7600,319.7600,4299200
21-April-2014,330.8700,331.1500,322.3100,323.9700,2999400
22-April-2014,329.3200,337.5000,328.9400,332.0000,3711600
23-April-2014,324.5800,333.1300,323.3900,333.0600,3604600
24-April-2014,337.1500,337.4000,322.9500,329.6700,9293700
25-April-2014,303.8300,316.4900,302.7100,316.2500,16180200
28-April-2014,296.5800,304.3900,288.0000,304.0000,14479800
29-April-2014,300.3800,301.8400,290.4500,296.4400,6509300
30-April-2014,304.1300,304.5600,298.1000,298.1000,4088600
01-May-2014,307.8900,310.4800,304.0000,304.1300,4328600
02-May-2014,308.0100,313.2900,304.3100,310.4200,3995100
05-May-2014,310.0500,310.2300,305.0000,306.3700,2519900
06-May-2014,297.3800,309.8100,297.0400,309.5300,4682300
07-May-2014,292.7100,296.4000,286.6800,295.5600,7015200
08-May-2014,288.3200,295.8800,287.2300,290.8200,3848200
09-May-2014,292.2400,293.6800,284.3800,290.5700,4063000
12-May-2014,302.8600,303.3400,294.1600,294.3000,3729600
13-May-2014,304.6400,305.6000,300.7500,302.6000,3509900
14-May-2014,297.6200,304.6400,296.6600,302.5000,3323300
15-May-2014,295.1900,299.2000,290.3800,298.0200,4295100
16-May-2014,297.7000,298.8800,291.5500,292.8000,3636800
19-May-2014,296.7600,299.0000,293.8100,295.7600,2284200
20-May-2014,301.1900,304.4600,296.7500,297.1000,4095700
21-May-2014,305.0100,305.9600,301.5200,302.2100,3408800
22-May-2014,304.9100,308.5400,303.0100,305.0500,2576800
23-May-2014,312.2400,312.3500,304.9000,305.4600,3052900
27-May-2014,310.8200,314.6300,307.3800,314.4100,4862100
28-May-2014,310.1600,313.8200,307.4200,309.5000,2726000
29-May-2014,313.7800,314.8700,310.2000,310.4200,2365500
30-May-2014,312.5500,314.6500,307.5700,314.4300,4260200
02-June-2014,308.8400,312.6000,307.0000,312.5900,2203400
03-June-2014,307.1900,307.9200,305.0700,305.7500,2379200
04-June-2014,306.7800,309.5000,303.8400,306.8500,2107100
05-June-2014,323.5700,327.9400,306.9000,308.1000,7796700
06-June-2014,329.6700,330.8800,324.9300,325.0000,5244000
09-June-2014,327.5000,333.0000,325.6500,331.5700,3212200
10-June-2014,332.4100,335.5000,327.5000,327.6500,3663400
11-June-2014,335.2000,340.7200,333.8800,336.0000,4436800
12-June-2014,325.9100,335.5500,324.6600,335.5500,4276300
13-June-2014,326.2700,329.3000,323.5300,327.0500,2764800
16-June-2014,327.6200,328.6900,323.5200,324.8600,2449800
17-June-2014,325.6200,331.3400,325.2300,327.5400,2924100
18-June-2014,334.3800,335.7500,325.0000,328.0000,6401500
19-June-2014,327.0000,338.9000,325.9800,335.2600,5320600
20-June-2014,324.2000,328.2200,320.4200,327.7600,6054000
23-June-2014,327.2400,327.5500,321.4100,323.3300,2604800
24-June-2014,324.1600,329.7300,322.7400,327.5400,2626600
25-June-2014,327.4400,328.1500,321.7400,324.3300,2327800
26-June-2014,325.6900,328.6500,322.1300,328.4900,2699500
27-June-2014,324.5700,326.5200,323.2700,325.8800,2416200
30-June-2014,324.7800,326.9800,322.2400,324.9800,2671300
01-July-2014,332.3900,333.2000,325.1000,325.8600,3173600
02-July-2014,332.8500,336.7600,331.6600,333.2000,2681300
03-July-2014,337.4900,338.3000,333.0800,334.8300,1944300
07-July-2014,333.5500,337.5500,332.5200,337.5000,2128900
08-July-2014,323.8100,333.7400,321.4000,333.1000,4271600
09-July-2014,329.9700,330.2000,323.1500,324.7100,3166100
10-July-2014,327.9200,329.9800,322.6500,324.3400,2665000
11-July-2014,346.2000,347.0000,334.7100,334.7100,8300800
14-July-2014,355.3200,355.7700,345.3600,347.0300,5609900
15-July-2014,354.4400,355.5900,349.4000,353.7200,4170900
16-July-2014,355.9000,359.3200,353.0000,355.6200,3503600
17-July-2014,352.4500,356.9600,351.3800,353.4400,3636000
18-July-2014,358.6600,359.6800,352.0800,354.4000,3407400
21-July-2014,359.7600,361.7100,356.7200,358.1000,2278400
22-July-2014,360.8400,362.9300,355.2500,355.2500,2888900
23-July-2014,358.1400,360.6300,356.6200,359.0500,2687300
24-July-2014,358.6100,364.8500,358.5200,359.9800,7088700
25-July-2014,324.0100,324.8700,314.7600,317.3000,17846500
28-July-2014,320.4100,324.8200,316.5000,324.2500,5932000
29-July-2014,320.0000,322.9000,319.5000,321.9800,2883800
30-July-2014,322.5100,322.7300,318.5000,321.4500,3969000
31-July-2014,312.9900,320.6800,311.8600,320.0100,5192000
01-August-2014,307.0600,315.8300,304.5900,313.6900,7441500
04-August-2014,313.6500,316.1800,308.5000,308.8400,4200900
05-August-2014,312.3200,314.5500,310.0600,313.3000,2852100
06-August-2014,313.8900,315.7800,310.2000,310.8300,2296900
07-August-2014,311.4500,315.8800,309.6500,315.2100,2935600
08-August-2014,316.8000,317.3200,310.6600,311.9400,2705900
11-August-2014,318.3300,320.3800,316.8800,318.4800,2468600
12-August-2014,319.3200,321.3100,316.9500,318.8900,1915800
13-August-2014,326.2800,331.7200,326.1400,327.6000,4945100
14-August-2014,333.2100,334.0900,326.7100,327.8000,3420400
15-August-2014,333.6300,335.0000,328.3200,334.0000,3896700
18-August-2014,334.5300,337.8000,333.7700,335.4800,2485400
19-August-2014,335.1300,335.8100,333.0100,334.8700,1713800
20-August-2014,335.7800,337.1600,334.0200,334.6800,1810500
21-August-2014,332.9100,336.5800,332.2300,336.4800,1971100
22-August-2014,331.5900,334.0800,330.8000,332.9900,2211200
25-August-2014,334.0200,336.7700,332.7100,333.2100,1957700
26-August-2014,341.8300,344.3600,334.5500,337.0000,3654700
27-August-2014,343.1800,346.6700,341.3400,342.0900,2961600
28-August-2014,340.0200,341.7900,338.8000,340.0000,2252700
29-August-2014,339.0400,341.8200,337.6800,341.7600,1939500
02-September-2014,342.3800,342.5000,337.1600,339.9800,2326000
03-September-2014,339.0000,343.2700,337.5500,342.5400,1993700
04-September-2014,345.9500,349.3800,343.5800,343.6900,3965600
05-September-2014,346.3800,346.8300,342.5000,346.3000,2107000
08-September-2014,342.3400,345.8100,339.0400,344.5400,2955300
09-September-2014,329.7500,341.7600,329.1800,341.6100,4646800
10-September-2014,331.3300,334.9800,328.8200,334.3000,3797400
11-September-2014,330.5200,333.0100,326.3900,329.9400,2720200
12-September-2014,331.1900,332.8900,328.7900,329.5600,3429300
15-September-2014,323.8900,331.3300,319.0000,330.9100,4000400
16-September-2014,327.7600,329.4800,320.1000,321.0700,3259900
17-September-2014,324.0000,328.0000,321.5200,327.7600,4136000
18-September-2014,325.0000,327.1000,323.7100,325.4400,2576900
19-September-2014,331.3200,332.7600,325.5700,327.6000,6886200
22-September-2014,324.5000,329.4900,321.0600,328.4900,3109700
23-September-2014,323.6300,327.6000,321.2500,322.4600,2352600
24-September-2014,328.2100,329.4400,319.5600,324.1700,2642200
25-September-2014,321.9300,328.5400,321.4000,327.9900,2928800
26-September-2014,323.2100,323.5000,317.6400,320.6000,3638000
29-September-2014,321.8200,323.7500,319.0000,320.5000,1924600
30-September-2014,322.4400,323.4300,318.5100,321.3600,2636200
01-October-2014,317.4600,322.1700,315.5500,322.0400,3089100
02-October-2014,318.4100,318.5300,311.3100,316.9200,3553900
03-October-2014,322.7400,325.1600,319.5300,320.3600,3037400
06-October-2014,322.2000,324.1300,319.6000,323.5000,2290300
07-October-2014,316.9800,322.0000,316.6700,319.4300,2365400
08-October-2014,322.7000,324.1100,314.1400,316.5800,3452800
09-October-2014,315.3700,322.2700,314.5200,321.4900,3587900
10-October-2014,311.3900,317.7700,311.3800,314.0200,3681900
13-October-2014,306.4500,313.2000,303.4700,309.8700,4363900
14-October-2014,308.3100,312.2400,305.7500,308.0000,3385800
15-October-2014,305.9700,307.9000,299.1000,304.3500,5343900
16-October-2014,302.8600,306.8200,293.8300,293.8300,4731300
17-October-2014,303.6400,309.2000,302.7200,307.1500,4405100
20-October-2014,306.2100,306.5300,302.0200,302.9500,3234500
21-October-2014,315.3300,315.6400,307.0700,309.9000,3559300
22-October-2014,312.9700,318.9800,312.6400,315.4300,3125900
23-October-2014,313.1800,316.8000,311.4000,313.4000,9038200
24-October-2014,287.0600,293.8100,284.0000,284.4000,19801100
27-October-2014,289.9700,290.4200,285.0200,285.7000,5950600
28-October-2014,295.5900,298.0000,289.7600,289.7600,5572600
29-October-2014,294.1200,299.6100,293.0700,299.1100,4881900
30-October-2014,299.0700,299.7400,292.3600,293.9800,4048200
31-October-2014,305.4600,305.7200,301.5000,305.1500,4550700
03-November-2014,305.7200,308.0100,303.2400,306.2400,3242500
04-November-2014,302.8100,304.2500,300.1700,303.9900,3427400
05-November-2014,296.5200,304.0000,294.1600,303.0100,4674500
06-November-2014,296.6400,297.0000,292.2900,296.6900,3758100
07-November-2014,299.8600,299.9900,296.2900,297.8200,2647400
10-November-2014,305.1100,305.8000,300.0000,300.0000,2809100
11-November-2014,312.0100,312.3800,303.6500,305.9400,3803600
12-November-2014,311.5100,312.5800,308.7900,310.7500,2181700
13-November-2014,316.4800,317.8900,311.5100,312.0000,3685700
14-November-2014,327.8200,332.8800,316.4000,317.1200,8876300
17-November-2014,323.0500,328.0000,318.0300,326.4400,4784600
18-November-2014,324.9300,329.5600,323.2500,323.9900,3549500
19-November-2014,326.5400,328.4000,324.0200,327.2500,3280800
20-November-2014,330.5400,332.6700,323.3300,324.0000,3435000
21-November-2014,332.6300,338.3300,331.4700,335.4200,4466000
24-November-2014,335.6400,337.3900,333.6000,334.7800,2753700
25-November-2014,335.0400,336.3300,331.2800,335.2700,2561200
26-November-2014,333.5700,334.6500,331.7500,333.7800,1983600
28-November-2014,338.6400,341.2600,336.0300,336.0300,3051800
01-December-2014,326.0000,340.6400,325.9300,338.1200,4944900
02-December-2014,326.3100,327.9300,323.2500,327.5000,2783500
03-December-2014,316.5000,326.7700,314.3600,325.7300,5681000
04-December-2014,316.9300,318.5900,313.4700,315.5300,3290300
05-December-2014,312.6300,316.9300,310.8400,316.8000,3265200
08-December-2014,306.6400,316.5600,304.8200,311.5700,3639200
09-December-2014,312.5000,313.6400,301.1400,302.9900,4049500
10-December-2014,305.8400,313.1900,304.6800,312.0000,3245900
11-December-2014,307.3600,312.6400,306.0100,307.8900,3262900
12-December-2014,307.3200,310.6400,303.0100,303.9900,3153500
15-December-2014,306.0700,310.8600,302.1500,308.8700,3841600
16-December-2014,295.0600,304.4900,295.0100,304.3500,6501300
17-December-2014,298.8800,299.6700,293.0300,296.3700,4433500
18-December-2014,297.7300,304.5000,293.2500,304.0100,7738100
19-December-2014,299.9000,301.5400,295.5200,296.9100,8709100
22-December-2014,306.5400,307.3600,301.9400,301.9400,4003800
23-December-2014,306.2900,307.4900,303.2500,306.9800,2713700
24-December-2014,303.0300,307.0000,302.8800,306.3800,1513800
26-December-2014,309.0900,310.7800,303.8100,305.0000,2887500
29-December-2014,312.0400,314.2700,306.5800,307.8500,3009000
30-December-2014,310.3000,313.9400,309.3400,309.9100,2093000
31-December-2014,310.3500,312.9800,310.0100,311.5500,2048000
02-January-2015,308.5200,314.7500,306.9600,312.5800,2783200
05-January-2015,302.1900,308.3800,300.8500,307.0100,2774200
06-January-2015,295.2900,303.0000,292.3800,302.2400,3519000
07-January-2015,298.4200,301.2800,295.3300,297.5000,2640300
08-January-2015,300.4600,303.1400,296.1100,300.3200,3088400
09-January-2015,296.9300,302.8700,296.6800,301.4800,2589500
12-January-2015,291.4100,298.5100,289.2800,297.5600,3421400
13-January-2015,294.7400,301.5000,293.2300,297.4800,4130900
14-January-2015,293.2700,295.9100,286.5000,291.9300,5538700
15-January-2015,286.9500,296.0000,286.8200,294.0000,4410200
16-January-2015,290.7400,290.7900,285.2500,286.2800,3478200
20-January-2015,289.4400,293.3600,286.3900,292.5900,3075100
21-January-2015,297.2500,306.0000,287.2600,289.6400,10065100
22-January-2015,310.3200,312.2500,300.0000,300.0000,5362600
23-January-2015,312.3900,316.9300,307.7200,308.0800,4496400
26-January-2015,309.6600,313.0000,307.5200,311.8200,3169700
27-January-2015,306.7500,310.2400,302.6300,306.3000,2920300
28-January-2015,303.9100,311.5100,303.8000,309.8100,3063800
29-January-2015,311.7800,312.8000,299.3300,304.7300,8656600
30-January-2015,354.5300,359.5000,340.7400,346.3200,23856100
02-February-2015,364.4700,365.0000,350.0100,350.0500,10231900
03-February-2015,363.5500,367.8200,360.2100,360.2900,6212600
04-February-2015,364.7500,367.5000,358.2300,358.3800,4169900
05-February-2015,373.8900,378.8000,365.9000,366.0000,7247600
06-February-2015,374.2800,375.9900,371.0100,374.8700,3871300
09-February-2015,370.5600,374.4100,367.2000,371.0000,2724600
10-February-2015,373.0000,374.3000,368.5100,371.1900,2287200
11-February-2015,375.1400,377.1000,371.1000,371.2300,2786500
12-February-2015,377.1700,378.5100,373.1500,375.1000,2791100
13-February-2015,381.8300,383.0000,377.0100,378.4100,3475100
17-February-2015,375.4300,379.9900,372.6700,377.7200,3673200
18-February-2015,373.3700,376.7400,372.8500,373.7800,2650600
19-February-2015,379.0000,381.8800,373.4300,373.4900,2953800
20-February-2015,383.6600,383.7000,375.8400,378.6200,3258000
23-February-2015,380.1400,384.5400,378.0000,383.4400,2177000
24-February-2015,378.5900,380.4800,376.1600,378.6500,1920800
25-February-2015,385.3700,387.8500,376.5400,377.2700,3174500
26-February-2015,384.8000,389.3700,383.2800,384.0700,2687100
27-February-2015,380.1600,385.9900,379.7900,384.0000,2532300
02-March-2015,385.6600,385.9000,379.4800,380.8500,2139200
03-March-2015,384.6100,386.1000,381.6000,383.9500,1946500
04-March-2015,382.7200,387.9000,382.1900,385.7100,2259100
05-March-2015,387.8300,388.4200,383.8900,385.6100,2693500
06-March-2015,380.0900,387.0000,378.8800,385.5200,2627000
09-March-2015,378.5600,379.3300,375.2800,378.4000,2311400
10-March-2015,369.5100,377.7700,369.1800,377.4500,3121000
11-March-2015,366.3700,373.3500,366.2600,370.6100,2495100
12-March-2015,374.2400,375.5000,367.5200,368.8200,2810000
13-March-2015,370.5800,373.9900,366.6800,371.5200,2611700
16-March-2015,373.3500,373.9400,366.7200,370.3800,2354100
17-March-2015,371.9200,374.5000,369.6400,371.1100,2037000
18-March-2015,375.1400,375.9900,366.7000,369.9700,2654100
19-March-2015,373.2400,377.1100,372.1900,373.8700,1915700
20-March-2015,378.4900,379.3700,375.9200,376.2900,3763600
23-March-2015,375.1100,381.7700,374.9400,378.0700,2239300
24-March-2015,374.0900,375.2400,372.2700,373.9900,2228200
25-March-2015,370.9600,380.5000,370.2900,375.1700,3429500
26-March-2015,367.3500,371.4000,365.6500,369.5900,2930000
27-March-2015,370.5600,373.1700,366.5700,367.1100,2609800
30-March-2015,374.5900,376.1200,371.5500,371.8700,1820900
31-March-2015,372.1000,377.7000,371.5100,373.2400,2506100
01-April-2015,370.2600,373.1600,368.3400,372.1000,2458100
02-April-2015,372.2500,373.2800,369.0000,370.5000,1875300
06-April-2015,377.0400,380.2000,369.3600,370.1000,3050700
07-April-2015,374.4100,379.3100,374.0300,376.1500,1954900
08-April-2015,381.2000,381.5800,374.6500,374.6600,2636400
09-April-2015,383.5400,384.4200,378.8000,380.6600,2392300
10-April-2015,382.6500,387.1200,381.3200,384.3100,2573500
13-April-2015,382.3600,385.2800,380.1400,383.5300,1894500
14-April-2015,385.1100,387.8100,381.2100,383.5100,2583600
15-April-2015,383.4500,385.7800,381.6400,384.6500,1921200
16-April-2015,386.0400,387.4500,383.5500,383.6900,2070500
17-April-2015,375.5600,383.5600,374.4000,382.6300,3828800
20-April-2015,389.5100,391.9400,377.0000,378.5500,5001400
21-April-2015,391.1800,394.6000,386.8000,391.3100,4634500
22-April-2015,389.8000,394.2800,388.0000,391.9100,3447200
23-April-2015,389.9900,391.8800,386.1500,390.2100,6640600
24-April-2015,445.1000,452.6500,439.0000,439.0000,17031400
27-April-2015,438.5600,446.9900,437.4100,443.8600,5420600
28-April-2015,429.3100,439.0000,428.0400,438.5100,4129800
29-April-2015,429.3700,434.2400,426.0300,426.7500,3613300
